"","BIN Number","House Number","Street Name","Borough Name","Violation Sequence","Issue Date","Status","Associated ECB Violation Number","Disposition Code Description","Violation Type","Disposition Code"
"1","0000000","299","VAN PELT AVENUE","Unknown Borough","--","1990-12-03","Active","",NA,"UNSAFE BUILDINGS",""
"2","0000000","299","VAN PELT AVENUE","Unknown Borough","--","1990-12-01","Active","",NA,"UNSAFE BUILDINGS",""
"3","1002666","130","BAXTER STREET","Manhattan","UB1016/93","1993-03-16","Active","",NA,"UNSAFE BUILDINGS",""
"4","1005129","522","EAST   11 STREET","Manhattan","103093","1993-05-25","Active","",NA,"UNSAFE BUILDINGS",""
"5","1005129","522","EAST   11 STREET","Manhattan","1038/93","1993-05-25","Active","",NA,"UNSAFE BUILDINGS",""
"6","1006399","47","ST MARKS PLACE","Manhattan","1074/93","1993-09-09","Active","",NA,"UNSAFE BUILDINGS",""
"7","1052653","305","EAST  101 STREET","Manhattan","UB62/92","1992-12-15","Active","",NA,"UNSAFE BUILDINGS",""
"8","1081358","1968","2 AVENUE","Manhattan","UB61/92","1992-12-15","Active","",NA,"UNSAFE BUILDINGS",""
"9","1083670","443","WEST  151 STREET","Manhattan","130-85","1985-11-06","Active","",NA,"UNSAFE BUILDINGS",""
"10","2000573","49","BRUCKNER BOULEVARD","Bronx","15","1990-05-07","Active","",NA,"UNSAFE BUILDINGS",""
"11","2001951","918","MORRIS AVENUE","Bronx","321-84","1990-11-02","Active","",NA,"UNSAFE BUILDINGS",""
"12","2001951","918","MORRIS AVENUE","Bronx","322-81","1990-11-02","Active","",NA,"UNSAFE BUILDINGS",""
"13","2002064","1045","WEBSTER AVENUE","Bronx","24/130","1992-09-15","Active","",NA,"UNSAFE BUILDINGS",""
"14","2002449","600","GRAND CONCOURSE","Bronx","1/9/91","1991-01-09","Active","",NA,"UNSAFE BUILDINGS",""
"15","2002449","600","GRAND CONCOURSE","Bronx","3-91/SFNP","1991-01-09","Active","",NA,"UNSAFE BUILDINGS",""
"16","2003213","130","WEST 165 STREET","Bronx","67-88(SFNP)","1988-08-22","Active","",NA,"UNSAFE BUILDINGS",""
"17","2003422","1023","SUMMIT AVENUE","Bronx","UB/36/90/SF","1990-06-06","Active","",NA,"UNSAFE BUILDINGS",""
"18","2003672","593","OAK TERRACE","Bronx","88-88","1988-11-19","Active","",NA,"UNSAFE BUILDINGS",""
"19","2003908","431","CONCORD AVENUE","Bronx","13-90","1990-04-02","Active","",NA,"UNSAFE BUILDINGS",""
"20","2004797","815","WESTCHESTER AVENUE","Bronx","6-89(SFNP)","1989-01-25","Active","",NA,"UNSAFE BUILDINGS",""
"21","2004797","815","WESTCHESTER AVENUE","Bronx","UB 6-89","1989-01-25","Active","",NA,"UNSAFE BUILDINGS",""
"22","2004911","591","PROSPECT AVENUE","Bronx","21-92.(SFNP","1992-02-24","Active","",NA,"UNSAFE BUILDINGS",""
"23","2005171","870","LONGWOOD AVENUE","Bronx","UB37/90/SFN","1990-07-27","Active","",NA,"UNSAFE BUILDINGS",""
"24","2005195","914","PROSPECT AVENUE","Bronx","8/91","1991-05-05","Active","",NA,"UNSAFE BUILDINGS",""
"25","2005371","917","WESTCHESTER AVENUE","Bronx","33-90","1990-07-16","Active","",NA,"UNSAFE BUILDINGS",""
"26","2005817","953","EAST 167 STREET","Bronx","57/87","1990-09-17","Active","",NA,"UNSAFE BUILDINGS",""
"27","2005935","709","TIFFANY STREET","Bronx","70-88","1988-08-16","Active","",NA,"UNSAFE BUILDINGS",""
"28","2005935","709","TIFFANY STREET","Bronx","70-88(SFNP)","1988-08-16","Active","",NA,"UNSAFE BUILDINGS",""
"29","2005947","859","HUNT POINT AVENUE","Bronx","364/78","1991-01-23","Active","",NA,"UNSAFE BUILDINGS",""
"30","2006498","1264-72","LAFAYETTE AVENUE","Bronx","15-89(SFNP)","1989-02-22","Active","",NA,"UNSAFE BUILDINGS",""
"31","2006618","615","BARRETTO STREET","Bronx","2-92./SFNP","1992-01-09","Active","",NA,"UNSAFE BUILDINGS",""
"32","2007673","117","EAST  179 STREET","Bronx","125-91","1991-12-24","Active","",NA,"UNSAFE BUILDINGS",""
"33","2007927","60","EAST  179 STREET","Bronx","50/91/SFNP","1991-09-10","Active","",NA,"UNSAFE BUILDINGS",""
"34","2007927","60","EAST  179 STREET","Bronx","50-91(SFNP)","1991-04-30","Active","",NA,"UNSAFE BUILDINGS",""
"35","2008151","58","EAST  174 STREET","Bronx","50-91","1991-04-30","Active","",NA,"UNSAFE BUILDINGS",""
"36","2008887","1655","POPHAM AVENUE","Bronx","12/91","1991-02-04","Active","",NA,"UNSAFE BUILDINGS",""
"37","2008888","1651","POPHAM AVENUE","Bronx","11/91(RW)/S","1991-02-08","Active","",NA,"UNSAFE BUILDINGS",""
"38","2009123","1881","ANDREWS AVENUE","Bronx","4-89","1989-01-11","Active","",NA,"UNSAFE BUILDINGS",""
"39","2009344","1760","ANTHONY AVENUE","Bronx","65/92","1992-07-22","Active","",NA,"UNSAFE BUILDINGS",""
"40","2009465","438","CLAREMONT PARKWAY","Bronx","60-91","1991-05-28","Active","",NA,"UNSAFE BUILDINGS",""
"41","2009692","1358","FULTON AVENUE","Bronx","39-92/SFNP","1992-03-27","Active","",NA,"UNSAFE BUILDINGS",""
"42","2010421","1326","CHISHOLM STREET","Bronx","56-91/SFD","1991-05-10","Active","",NA,"UNSAFE BUILDINGS",""
"43","2010823","1448","BRYANT AVENUE","Bronx","91/92","1992-12-10","Active","",NA,"UNSAFE BUILDINGS",""
"44","2010824","1452","BRYANT AVENUE","Bronx","93/92","1992-12-10","Active","",NA,"UNSAFE BUILDINGS",""
"45","2010839","1450","BRYANT AVENUE","Bronx","92/92","1992-12-10","Active","",NA,"UNSAFE BUILDINGS",""
"46","2011321","2189","WASHINGTON AVENUE","Bronx","16/91","1991-02-11","Active","",NA,"UNSAFE BUILDINGS",""
"47","2011888","2368","HOFFMAN STREET","Bronx","14","1990-04-29","Active","",NA,"UNSAFE BUILDINGS",""
"48","2013126","2029","DALY AVENUE","Bronx","111/91","1991-11-18","Active","",NA,"UNSAFE BUILDINGS",""
"49","2014082","2308","JEROME AVENUE","Bronx","16/122","1992-10-09","Active","",NA,"UNSAFE BUILDINGS",""
"50","2014361","2465","JEROME AVENUE","Bronx","53-89(9 WF)","1989-09-26","Active","",NA,"UNSAFE BUILDINGS",""
"51","2016989","289","EAST  201 STREET","Bronx","28-90","1990-07-06","Active","",NA,"UNSAFE BUILDINGS",""
"52","2016990","285","EAST  201 STREET","Bronx","27-90","1990-07-06","Active","",NA,"UNSAFE BUILDINGS",""
"53","2017057","2837","BRIGGS AVENUE","Bronx","UB13-89","1989-02-16","Active","",NA,"UNSAFE BUILDINGS",""
"54","2022685","2041","LAFAYETTE AVENUE","Bronx","1-89(SFNP)","1989-01-03","Active","",NA,"UNSAFE BUILDINGS",""
"55","2023326","1095","CLOSE AVENUE","Bronx","19/125","1992-12-01","Active","",NA,"UNSAFE BUILDINGS",""
"56","2023326","1095","CLOSE AVENUE","Bronx","90-92","1992-12-01","Active","",NA,"UNSAFE BUILDINGS",""
"57","2027726","1731","EAST  172 STREET","Bronx","10-89","1989-02-03","Active","",NA,"UNSAFE BUILDINGS",""
"58","2028683","1861","ARCHER STREET","Bronx","21-89","1989-03-13","Active","",NA,"UNSAFE BUILDINGS",""
"59","2028683","1861-9","ARCHER STREET","Bronx","21-89(SFNP)","1989-03-08","Active","",NA,"UNSAFE BUILDINGS",""
"60","2042392","1641","OVERING STREET","Bronx","19-89","1989-03-06","Active","",NA,"UNSAFE BUILDINGS",""
"61","2047065","2100","EASTCHESTER ROA","Bronx","55/92","1992-06-22","Active","",NA,"UNSAFE BUILDINGS",""
"62","2047853","701","RHINELANDER AVENUE","Bronx","12AA1","1992-06-30","ECB Pending","",NA,"UNSAFE BUILDINGS",""
"63","2058144","720","EAST  221 STREET","Bronx","45-91","1991-03-28","Active","",NA,"UNSAFE BUILDINGS",""
"64","2060528","3363","WILSON AVENUE","Bronx","UB/38/90SFN","1990-10-29","Active","",NA,"UNSAFE BUILDINGS",""
"65","2063013","677","EAST  225 STREET","Bronx","26-92(SFNP)","1992-03-02","Active","",NA,"UNSAFE BUILDINGS",""
"66","2067202","963","EAST  233 STREET","Bronx","72/92","1992-08-13","Active","",NA,"UNSAFE BUILDINGS",""
"67","2067202","963","EAST  233 STREET","Bronx","73-92","1992-08-13","Active","",NA,"UNSAFE BUILDINGS",""
"68","2069223","4184","WILDER AVENUE","Bronx","56/92","1992-06-29","Active","",NA,"UNSAFE BUILDINGS",""
"69","2073565","1334","EDWARDS AVENUE","Bronx","70/92","1992-08-11","Active","",NA,"UNSAFE BUILDINGS",""
"70","2078784","3085","WISSMAN AVENUE","Bronx","UB47-89","1989-05-31","Active","",NA,"UNSAFE BUILDINGS",""
"71","2081850","139","CITY ISLAND AVENUE","Bronx","43-91.SFP","1991-03-22","Active","",NA,"UNSAFE BUILDINGS",""
"72","2084825","6471","BROADWAY","Bronx","27/133","1992-09-30","Active","",NA,"UNSAFE BUILDINGS",""
"73","2084825","6471","BROADWAY","Bronx","83-92","1992-09-30","Active","",NA,"UNSAFE BUILDINGS",""
"74","2085155","5626","RIVERDALE AVENUE","Bronx","64-88","1988-08-11","Active","",NA,"UNSAFE BUILDINGS",""
"75","2086762","1272","HOE AVENUE","Bronx","19/92./SFNP","1992-02-24","Active","",NA,"UNSAFE BUILDINGS",""
"76","2090351","936","INTERVALE AVENU","Bronx","546/76","1991-09-26","Active","",NA,"UNSAFE BUILDINGS",""
"77","2091942","5040","INDEPENDENCE AVENUE","Bronx","16-90/SFP","1990-05-14","Active","",NA,"UNSAFE BUILDINGS",""
"78","2092047","2001","CRESTON AVENUE","Bronx","126-91","1991-12-26","Active","",NA,"UNSAFE BUILDINGS",""
"79","2094613","411","EAST TREMONT AVENUE","Bronx","54-91","1991-05-09","Active","",NA,"UNSAFE BUILDINGS",""
"80","2096874","876","HOME STREET","Bronx","83-88(SFNP)","1988-10-17","Active","",NA,"UNSAFE BUILDINGS",""
"81","2096877","2242","CRESTON AVENUE","Bronx","63-88(SFNP)","1988-08-09","Active","",NA,"UNSAFE BUILDINGS",""
"82","2102684","3843","BRONXWOOD AVENUE","Bronx","18/124","1992-12-23","Active","",NA,"UNSAFE BUILDINGS",""
"83","2102700","262","BALCOM AVENUE","Bronx","36-89","1989-04-13","Active","",NA,"UNSAFE BUILDINGS",""
"84","2109537","303","EAST  170 STREET","Bronx","23089","1989-03-09","Active","",NA,"UNSAFE BUILDINGS",""
"85","2113857","310","EAST 160 STREET","Bronx","51-89(3152)","1989-08-24","Active","",NA,"UNSAFE BUILDINGS",""
"86","2113946","2027","DALY AVENUE","Bronx","112/91","1991-11-18","Active","",NA,"UNSAFE BUILDINGS",""
"87","2114273","3004","PERRY AVENUE","Bronx","93-91","1991-08-26","Active","",NA,"UNSAFE BUILDINGS",""
"88","2115566","2334","BEAUMONT AVENUE","Bronx","87-91/UB/SF","1991-08-07","Active","",NA,"UNSAFE BUILDINGS",""
"89","2115580","1414","LOUIS NINE BOULEVARD","Bronx","20/92","1992-02-24","Active","",NA,"UNSAFE BUILDINGS",""
"90","2115741","839","BRYANT AVENUE","Bronx","136/82(SFP)","1988-05-17","Active","",NA,"UNSAFE BUILDINGS",""
"91","2115875","1074","FOX STREET","Bronx","36/91","1991-08-21","Active","",NA,"UNSAFE BUILDINGS",""
"92","2115875","1074","FOX STREET","Bronx","37/91","1991-03-19","Active","",NA,"UNSAFE BUILDINGS",""
"93","2115909","1811","SOUTHERN BOULEVARD","Bronx","57/89/SFP","1990-01-30","Active","",NA,"UNSAFE BUILDINGS",""
"94","2127017","1400","EDWARD L GRANT HIGHWAY","Bronx","83/85","1985-07-20","Active","",NA,"UNSAFE BUILDINGS",""
"95","2129091","2338","BRUCKNER BOULEVARD","Bronx","6-91","1991-01-28","Active","",NA,"UNSAFE BUILDINGS",""
"96","2800315","2121","ARTHUR AVENUE","Bronx","94/91","1991-08-29","Active","",NA,"UNSAFE BUILDINGS",""
"97","2805237","544-548","EAST 150 STREET","Bronx","81-88","1988-10-07","Active","",NA,"UNSAFE BUILDINGS",""
"98","2809313","1162","GARRISON AVENUE","Bronx","19-90","1990-05-29","Active","",NA,"UNSAFE BUILDINGS",""
"99","2809421","1672","GLEASON AVENUE","Bronx","26-90(1678)","1990-07-05","Active","",NA,"UNSAFE BUILDINGS",""
"100","2817280","2385","WASHINGTON AVENUE","Bronx","89-91","1991-08-01","Active","",NA,"UNSAFE BUILDINGS",""
"101","2817280","2385","WASHINGTON AVENUE","Bronx","89/91","1991-08-01","Active","",NA,"UNSAFE BUILDINGS",""
"102","2819141","680-12","WEST  246 STREET","Bronx","26-89(SFNP)","1989-03-29","Active","",NA,"UNSAFE BUILDINGS",""
"103","2819142","680-14","WEST  246 STREET","Bronx","27-89(SFNP)","1989-03-29","Active","",NA,"UNSAFE BUILDINGS",""
"104","2819143","680-13","WEST  246 STREET","Bronx","28-89(SFNP)","1989-03-29","Active","",NA,"UNSAFE BUILDINGS",""
"105","2819144","680-18","WEST  246 STREET","Bronx","29-89(SFNP)","1989-03-29","Active","",NA,"UNSAFE BUILDINGS",""
"106","2819145","680-11","WEST  246 STREET","Bronx","30-89(SFNP)","1989-03-29","Active","",NA,"UNSAFE BUILDINGS",""
"107","2819146","680-10","WEST  246 STREET","Bronx","31-89(SFNP)","1989-03-29","Active","",NA,"UNSAFE BUILDINGS",""
"108","2819391","1247","TINTON AV","Bronx","33-88(1247-","1988-04-25","Active","",NA,"UNSAFE BUILDINGS",""
"109","2821150","344","WALNUT AVENUE","Bronx","62/90","1991-11-01","Active","",NA,"UNSAFE BUILDINGS",""
"110","2821150","344","WALNUT AVENUE","Bronx","62/90","1990-11-01","Active","",NA,"UNSAFE BUILDINGS",""
"111","2821278","1698","GRAND CONCOURSE","Bronx","2-91","1991-12-26","Active","",NA,"UNSAFE BUILDINGS",""
"112","2821278","1698","GRAND CONCOURSE","Bronx","2/91","1990-12-26","Active","",NA,"UNSAFE BUILDINGS",""
"113","2821278","1698","GRAND CONCOURSE","Bronx","3/91","1990-12-26","Active","",NA,"UNSAFE BUILDINGS",""
"114","2821946","2551","SCHLEY AVENUE","Bronx","96/91/SFNP","1991-09-10","Active","",NA,"UNSAFE BUILDINGS",""
"115","2821994","1831","BOSTON ROAD","Bronx","18/92","1992-02-24","Active","",NA,"UNSAFE BUILDINGS",""
"116","2822046","607","ST. LAWRENCE AVENUE","Bronx","41/92","1992-04-06","Active","",NA,"UNSAFE BUILDINGS",""
"117","2822056","3639","TINTON AVENUE","Bronx","208/83/SFP","1992-03-26","Active","",NA,"UNSAFE BUILDINGS",""
"118","2822379","1097","WASHINGTON AVENUE","Bronx","48-89(SFNP)","1989-06-30","Active","",NA,"UNSAFE BUILDINGS",""
"119","2823846","1802","ANTHONY AVENUE","Bronx","7-89(SFNP)","1989-01-30","Active","",NA,"UNSAFE BUILDINGS",""
"120","2824157","623","CASANOVA STREET","Bronx","17-89(SFNP)","1989-02-22","Active","",NA,"UNSAFE BUILDINGS",""
"121","2825975","2750","THIRD AVENUE","Bronx","28/92","1992-03-09","Active","",NA,"UNSAFE BUILDINGS",""
"122","2825975","2750","THIRD AVENUE","Bronx","29/92","1992-03-09","Active","",NA,"UNSAFE BUILDINGS",""
"123","2826769","1117","EAST  179 STREET","Bronx","58-90.SFNP","1990-12-31","Active","",NA,"UNSAFE BUILDINGS",""
"124","2826769","1117","EAST  179 STREET","Bronx","UB 58-90/SF","1990-10-16","Active","",NA,"UNSAFE BUILDINGS",""
"125","3041906","174 A","HULL STREET","Brooklyn","59/87","1987-02-11","Active","",NA,"UNSAFE BUILDINGS",""
"126","3062058","115","NORTH    6 STREET","Brooklyn","231/92","1992-11-10","Active","",NA,"UNSAFE BUILDINGS",""
"127","3068923","197","DEVOE STREET","Brooklyn","227/92","1992-11-02","Active","",NA,"UNSAFE BUILDINGS",""
"128","3078207","1092","HANCOCK STREET","Brooklyn","242/92","1992-11-16","Active","",NA,"UNSAFE BUILDINGS",""
"129","3078208","624","EVERGREEN AVENU","Brooklyn","57/191","1992-11-16","Active","",NA,"UNSAFE BUILDINGS",""
"130","3078208","624","EVERGREEN AVENUE","Brooklyn","243/92","1992-11-16","Active","",NA,"UNSAFE BUILDINGS",""
"131","3078213","103","WEIRFIELD STREET","Brooklyn","UB235/92","1992-11-16","Active","",NA,"UNSAFE BUILDINGS",""
"132","3083415","180","SACKMAN STREET","Brooklyn","48-92","1992-03-06","Active","",NA,"UNSAFE BUILDINGS",""
"133","3084735","523","VERMONT STREET","Brooklyn","143/300493","1992-12-29","Active","",NA,"UNSAFE BUILDINGS",""
"134","3084973","499","WILLIAMS AVENUE","Brooklyn","UB245/92","1992-11-20","Active","",NA,"UNSAFE BUILDINGS",""
"135","3091003","38","HEMLOCK STREET","Brooklyn","225","1992-10-27","Active","",NA,"UNSAFE BUILDINGS",""
"136","3094237","86","CRYSTAL STREET","Brooklyn","12/145","1992-12-31","Active","",NA,"UNSAFE BUILDINGS",""
"137","3094237","86","CRYSTAL STREET","Brooklyn","3006/93","1992-12-31","Active","",NA,"UNSAFE BUILDINGS",""
"138","3179992","1039","EAST   14 STREET","Brooklyn","254/92","1992-12-09","Active","",NA,"UNSAFE BUILDINGS",""
"139","3179993","1035","EAST   14 STREET","Brooklyn","253/92","1992-12-09","Active","",NA,"UNSAFE BUILDINGS",""
"140","3222195","1386","RALPH AVENUE","Brooklyn","84-92","1992-05-15","Active","",NA,"UNSAFE BUILDINGS",""
"141","3330999","93","NORTH    6 STREET","Brooklyn","244/92","1992-11-16","Active","",NA,"UNSAFE BUILDINGS",""
"142","3398078","1251","38TH ST","Brooklyn","UB185/51","1992-11-13","Active","",NA,"UNSAFE BUILDINGS",""
"143","4001307","47-01","QUEENS BOULEVARD","Queens","2/92","1992-02-21","Active","",NA,"UNSAFE BUILDINGS",""
"144","4002503","43-30","40 STREET","Queens","79/91","1991-10-07","Active","",NA,"UNSAFE BUILDINGS",""
"145","4002505","43-34","40 STREET","Queens","78-91","1991-10-07","Active","",NA,"UNSAFE BUILDINGS",""
"146","4002506","43-38","40 STREET","Queens","80/91","1991-10-07","Active","",NA,"UNSAFE BUILDINGS",""
"147","4004904","24-15","41 AVENUE","Queens","54/92","1992-04-13","Active","",NA,"UNSAFE BUILDINGS",""
"148","4005387","38-68","11 STREET","Queens","124/91","1991-12-19","Active","",NA,"UNSAFE BUILDINGS",""
"149","4008008","35-39","31 STREET","Queens","101/91","1991-10-31","Active","",NA,"UNSAFE BUILDINGS",""
"150","4009926","30-09","35 STREET","Queens","150/92","1992-10-21","Active","",NA,"UNSAFE BUILDINGS",""
"151","4017838","20-02","20 AVENUE","Queens","174/92","1992-12-07","Active","",NA,"UNSAFE BUILDINGS",""
"152","4027603","38-24","56 STREET","Queens","181-88","1988-10-27","Active","",NA,"UNSAFE BUILDINGS",""
"153","4029823","37-13","74 STREET","Queens","170/88","1988-10-03","Active","",NA,"UNSAFE BUILDINGS",""
"154","4042220","32-45","107 STREET","Queens","43/217","1992-12-07","Active","",NA,"UNSAFE BUILDINGS",""
"155","4043612","35-05","108 STREET","Queens","203-88","1988-12-23","Active","",NA,"UNSAFE BUILDINGS",""
"156","4063674","59-27","69 PLACE","Queens","6/90","1990-01-26","Active","",NA,"UNSAFE BUILDINGS",""
"157","4096130","8-21","119 STREET","Queens","180-88","1988-10-27","Active","",NA,"UNSAFE BUILDINGS",""
"158","4101044","27","NORTH DRIVE","Queens","93","1990-08-03","Active","",NA,"UNSAFE BUILDINGS",""
"159","4112127","135-21","NORTHERN BOULEVARD","Queens","175","1989-12-22","Active","",NA,"UNSAFE BUILDINGS",""
"160","4147453","75-44","PARSONS BOULEVARD","Queens","119/92","1992-09-15","Active","",NA,"UNSAFE BUILDINGS",""
"161","4148337","162-18","78 ROAD","Queens","2/92","1992-12-30","Active","",NA,"UNSAFE BUILDINGS",""
"162","4156920","45-59","211 STREET","Queens","73/91","1991-09-23","Active","",NA,"UNSAFE BUILDINGS",""
"163","4156920","45-59","211 STREET","Queens","74/91","1991-09-23","Active","",NA,"UNSAFE BUILDINGS",""
"164","4158247","209-08","48 AVENUE","Queens","105-86","1988-09-29","Active","",NA,"UNSAFE BUILDINGS",""
"165","4184469","87-45","96 STREET","Queens","106/92","1992-08-26","Active","",NA,"UNSAFE BUILDINGS",""
"166","4210107","168-23","89 AVENUE","Queens","28/91","1991-04-16","Active","",NA,"UNSAFE BUILDINGS",""
"167","4215616","161-02","JAMAICA AVENUE","Queens","158/90","1990-12-06","Active","",NA,"UNSAFE BUILDINGS",""
"168","4215639","150-04","BEAVER ROAD","Queens","118","1989-09-20","Active","",NA,"UNSAFE BUILDINGS",""
"169","4215878","150-16","YATES ROAD","Queens","97/90","1990-08-17","Active","",NA,"UNSAFE BUILDINGS",""
"170","4216269","104-08","164 STREET","Queens","121/91","1991-12-18","Active","",NA,"UNSAFE BUILDINGS",""
"171","4217197","163-15","SAYRES AVENUE","Queens","4188/92","1992-12-16","Active","",NA,"UNSAFE BUILDINGS",""
"172","4217369","111-04","MERRICK BOULEVARD","Queens","14","1989-02-01","Active","",NA,"UNSAFE BUILDINGS",""
"173","4218469","107-11","FERN PLACE","Queens","162/90","1990-12-11","Active","",NA,"UNSAFE BUILDINGS",""
"174","4226429","93-41","212 STREET","Queens","176","1989-12-22","Active","",NA,"UNSAFE BUILDINGS",""
"175","4226529","93-40","214 PLACE","Queens","72/92","1992-06-23","Active","",NA,"UNSAFE BUILDINGS",""
"176","4226529","93-40","214 PLACE","Queens","78/92","1992-06-23","Active","",NA,"UNSAFE BUILDINGS",""
"177","4226529","93-40","214 PLACE","Queens","79/92","1992-06-23","Active","",NA,"UNSAFE BUILDINGS",""
"178","4240298","214-35","112 ROAD","Queens","49/92","1992-04-09","Active","",NA,"UNSAFE BUILDINGS",""
"179","4245740","90-43","DESARC ROAD","Queens","54/90","1990-03-28","Active","",NA,"UNSAFE BUILDINGS",""
"180","4249752","109-49","125 STREET","Queens","67/92","1992-05-21","Active","",NA,"UNSAFE BUILDINGS",""
"181","4252719","127-09","FOCH BOULEVARD","Queens","66/91","1991-11-07","Active","",NA,"UNSAFE BUILDINGS",""
"182","4254792","117-59A","127 STREET","Queens","141","1989-11-08","Active","",NA,"UNSAFE BUILDINGS",""
"183","4254894","119-94","130 STREET","Queens","161","1988-09-27","Active","",NA,"UNSAFE BUILDINGS",""
"184","4257346","127-12","135 AVENUE","Queens","UB101","1982-04-16","Active","",NA,"UNSAFE BUILDINGS",""
"185","4261774","141-26","ROCKAWAY BOULEVARD","Queens","171","1989-12-15","Active","",NA,"UNSAFE BUILDINGS",""
"186","4263386","110-37","SUTPHIN BOULEVARD","Queens","132","1989-10-11","Active","",NA,"UNSAFE BUILDINGS",""
"187","4263875","111-12","159 STREET","Queens","113089UB166","1989-12-20","Active","",NA,"UNSAFE BUILDINGS",""
"188","4265073","118-34","154 STREET","Queens","172/92","1992-11-25","Active","",NA,"UNSAFE BUILDINGS",""
"189","4265073","118-34","154 STREET","Queens","172/92","1992-11-24","Active","",NA,"UNSAFE BUILDINGS",""
"190","4265219","150-23","121 AVENUE","Queens","26/82","1992-02-25","Active","",NA,"UNSAFE BUILDINGS",""
"191","4268366","166-18","120 AVENUE","Queens","129/90","1990-10-18","Active","",NA,"UNSAFE BUILDINGS",""
"192","4289014","250-07","MEMPHIS AVENUE","Queens","4177/92","1992-12-15","Active","",NA,"UNSAFE BUILDINGS",""
"193","4296816","629","CROSS BAY BOULEVARD","Queens","139/89","1989-10-31","Active","",NA,"UNSAFE BUILDINGS",""
"194","4296908","10-01","CROSS BAY BOULEVARD","Queens","60/90","1990-04-05","Active","",NA,"UNSAFE BUILDINGS",""
"195","4297278","542","CROSS BAY BOULEVARD","Queens","140/90","1990-10-22","Active","",NA,"UNSAFE BUILDINGS",""
"196","4297910","12-50","CENTRAL AVENUE","Queens","57/92","1992-04-15","Active","",NA,"UNSAFE BUILDINGS",""
"197","4302183","44-16","NORTON AVENUE","Queens","88/89","1989-07-12","Active","",NA,"UNSAFE BUILDINGS",""
"198","4302195","45-12","NORTON AVENUE","Queens","45/91","1991-05-31","Active","",NA,"UNSAFE BUILDINGS",""
"199","4302267","4-69","BEACH   44 STRE","Queens","105/91","1991-11-04","Active","",NA,"UNSAFE BUILDINGS",""
"200","4303620","91-19","ROCKAWAY BEACH","Queens","177","1989-12-28","Active","",NA,"UNSAFE BUILDINGS",""
"201","4303807","101","BEACH   98 STREET","Queens","137","1989-10-25","Active","",NA,"UNSAFE BUILDINGS",""
"202","4303807","101-149","BEACH  98 STREE","Queens","137","1989-10-25","Active","",NA,"UNSAFE BUILDINGS",""
"203","4303807","101-149","BEACH  98 STREE","Queens","137","1989-10-15","Active","",NA,"UNSAFE BUILDINGS",""
"204","4303937","169","BEACH  115 STREET","Queens","36/91","1991-04-18","Active","",NA,"UNSAFE BUILDINGS",""
"205","4311974","35-22","99 STREET","Queens","33/90","1990-03-13","Active","",NA,"UNSAFE BUILDINGS",""
"206","4430181","12-16","27TH AVE","Queens","87/92","1992-07-01","Active","",NA,"UNSAFE BUILDINGS",""
"207","4430181","12-20","27 AVENUE","Queens","88/92","1992-07-01","Active","",NA,"UNSAFE BUILDINGS",""
"208","4431205","23-35","92 STREET","Queens","202-88","1988-12-13","Active","",NA,"UNSAFE BUILDINGS",""
"209","4431208","23-37","92 STREET","Queens","200-88","1988-12-12","Active","",NA,"UNSAFE BUILDINGS",""
"210","4434633","210-34","HILLSIDE AVENUE","Queens","101/89","1989-07-27","Active","",NA,"UNSAFE BUILDINGS",""
"211","4436077","182A","BEACH   26 STREET","Queens","108","1990-09-11","Active","",NA,"UNSAFE BUILDINGS",""
"212","4437272","20-01","CORNAGA AVENUE","Queens","74/92","1992-06-08","Active","",NA,"UNSAFE BUILDINGS",""
"213","4438549","55-08","102 STREET","Queens","C441P01","1988-10-28","Active","",NA,"UNSAFE BUILDINGS",""
"214","4439778","20-19","CROSS BAY BOULEVARD","Queens","165/90","1990-12-21","Active","",NA,"UNSAFE BUILDINGS",""
"215","4440977","104-70","38 AVENUE","Queens","105/92","1992-08-04","Active","",NA,"UNSAFE BUILDINGS",""
"216","4440977","104-70","38 AVENUE","Queens","105","1992-08-02","Active","",NA,"UNSAFE BUILDINGS",""
"217","4440977","104-70","38 AVENUE","Queens","CSSTD1","1992-04-06","Active","",NA,"UNSAFE BUILDINGS",""
"218","4443016","56-02","49 STREET","Queens","75/91","1991-09-25","Active","",NA,"UNSAFE BUILDINGS",""
"219","4445723","47-20","204 STREET","Queens","148/92","1992-10-16","Active","",NA,"UNSAFE BUILDINGS",""
"220","4446303","25-55","12 STREET","Queens","61/90","1990-04-11","Active","",NA,"UNSAFE BUILDINGS",""
"221","4447178","250-42","41 DRIVE","Queens","52/92","1992-04-08","Active","",NA,"UNSAFE BUILDINGS",""
"222","4448581","81-08","138 STREET","Queens","02/14/90","1990-02-14","Active","",NA,"UNSAFE BUILDINGS",""
"223","4448914","100-03","NORTH CONDUIT AVENUE","Queens","117/90","1990-10-01","Active","",NA,"UNSAFE BUILDINGS",""
"224","4448914","150-05","COHANCY ST","Queens","50/90","1990-03-28","Active","",NA,"UNSAFE BUILDINGS",""
"225","4448996","98-10","ROCKAWAY BEACH BLVD","Queens","87/91","1991-10-07","Active","",NA,"UNSAFE BUILDINGS",""
"226","4454556","1847","GATEWAY BLVD","Queens","20/92","1992-02-18","Active","",NA,"UNSAFE BUILDINGS",""
"227","4456882","250-34","41 DRIVE","Queens","51/92","1992-04-08","Active","",NA,"UNSAFE BUILDINGS",""
"228","4458224","176A","BEACH   26 STREET","Queens","75/90","1990-05-31","Active","",NA,"UNSAFE BUILDINGS",""
"229","4462897","28-50","LINDEN PLACE","Queens","98/92","1992-07-23","Active","",NA,"UNSAFE BUILDINGS",""
"230","4462897","28-50","LINDEN PLACE","Queens","98/92","1992-07-23","Active","",NA,"UNSAFE BUILDINGS",""
"231","4463899","10-22","BAY   25 STREET","Queens","30","1989-02-21","Active","",NA,"UNSAFE BUILDINGS",""
"232","4534851","258-35","FRANCIS LEWIS BOULEVARD","Queens","42/92","1992-04-01","Active","",NA,"UNSAFE BUILDINGS",""
"233","4535294","17-12","NEW HAVEN AVENUE","Queens","167/90","1990-12-21","Active","",NA,"UNSAFE BUILDINGS",""
"234","4535855","2-23","BEACH   97 STRE","Queens","180","1989-12-29","Active","",NA,"UNSAFE BUILDINGS",""
"235","4540153","79-24","ROCKAWAY BEACH BOULEVARD","Queens","4178/92","1992-12-16","Active","",NA,"UNSAFE BUILDINGS",""
"236","4558977","32-01","GREENPOINT AVENUE","Queens","165/.88","1988-10-03","Active","",NA,"UNSAFE BUILDINGS",""
"237","4812843","107-21","150 STREET","Queens","UB3883","1988-08-08","Active","",NA,"UNSAFE BUILDINGS",""
"238","4832378","120-21","SMITH STREET","Queens","132/90","1990-10-18","Active","",NA,"UNSAFE BUILDINGS",""
"239","4835056","137-20","160 ST","Queens","167/89","1989-12-20","Active","",NA,"UNSAFE BUILDINGS",""
"240","4835645","57-02","48 STREET","Queens","126/91","1991-12-20","Active","",NA,"UNSAFE BUILDINGS",""
"241","4836841","157-41","86 ST","Queens","109","1989-08-14","Active","",NA,"UNSAFE BUILDINGS",""
"242","4838342","148-61","262 STREET","Queens","39/90","1990-03-12","Active","",NA,"UNSAFE BUILDINGS",""
"243","4839893","20-09","CROSS BAY BLVD","Queens","145/90","1990-11-07","Active","",NA,"UNSAFE BUILDINGS",""
"244","4841126","99-47","FIRST STREET","Queens","115","1989-09-15","Active","",NA,"UNSAFE BUILDINGS",""
"245","5005045","502","DELAFIELD AVENUE","Staten Island","-20/90","1990-05-03","Active","",NA,"UNSAFE BUILDINGS",""
"246","5005196","57","JEWETT AVENUE","Staten Island","-27/90","1990-04-25","Active","",NA,"UNSAFE BUILDINGS",""
"247","5005260","82","ALASKA STREET","Staten Island","-62/90","1990-07-13","Active","",NA,"UNSAFE BUILDINGS",""
"248","5013796","215","CANAL STREET","Staten Island","-15/89","1989-02-28","Active","",NA,"UNSAFE BUILDINGS",""
"249","5014455","204","TARGEE STREET","Staten Island","62/91","1991-07-17","Active","",NA,"UNSAFE BUILDINGS",""
"250","5014738","190","VICTORY BOULEVARD","Staten Island","10/92","1992-03-04","Active","",NA,"UNSAFE BUILDINGS",""
"251","5021201","1196","WILLOWBROOK ROAD","Staten Island","-46/90","1990-06-06","Active","",NA,"UNSAFE BUILDINGS",""
"252","5027688","17","SYLVAN PLACE","Staten Island","-24/89","1989-03-24","Active","",NA,"UNSAFE BUILDINGS",""
"253","5042100","191","EDGEWATER STREET","Staten Island","66/91","1991-09-12","Active","",NA,"UNSAFE BUILDINGS",""
"254","5050356","330","SAND LANE","Staten Island","3/92","1992-01-10","Active","",NA,"UNSAFE BUILDINGS",""
"255","5066138","330","HILLSIDE TERRACE","Staten Island","22/92,23/92","1992-05-20","Active","",NA,"UNSAFE BUILDINGS",""
"256","5069933","199","BATHGATE STREET","Staten Island","-88/89","1989-12-15","Active","",NA,"UNSAFE BUILDINGS",""
"257","5086855","4303","ARTHUR KILL ROAD","Staten Island","49/91","1991-06-14","Active","",NA,"UNSAFE BUILDINGS",""
"258","5086918","2495","VETERANS ROAD WEST","Staten Island","-3/89","1989-01-11","Active","",NA,"UNSAFE BUILDINGS",""
"259","5089389","101","CASTLETON AVENUE","Staten Island","28/103","1992-11-13","Active","",NA,"UNSAFE BUILDINGS",""
"260","5089389","101","CASTLETON AVENUE","Staten Island","48/92","1992-11-13","Active","",NA,"UNSAFE BUILDINGS",""
"261","5089389","101","CASTLETON AVENUE","Staten Island","49/92","1992-11-13","Active","",NA,"UNSAFE BUILDINGS",""
"262","5089389","101","CASTLETON AVENUE","Staten Island","UB29/104","1992-11-13","Active","",NA,"UNSAFE BUILDINGS",""
"263","5089719","288","CLOVE ROAD","Staten Island","20/92","1992-05-13","Active","",NA,"UNSAFE BUILDINGS",""
"264","5101712","374","GRANDVIEW AVENUE","Staten Island","-78/90","1990-10-30","Active","",NA,"UNSAFE BUILDINGS",""
"265","5104726","40","GREENWAY DR","Staten Island","-84/88","1988-12-09","Active","",NA,"UNSAFE BUILDINGS",""
"266","5106844","155","CANAL STREET","Staten Island","81.91","1991-12-26","Active","",NA,"UNSAFE BUILDINGS",""
"267","5107672","3856","HYLAN BOULEVARD","Staten Island","-58/91","1991-07-09","Active","",NA,"UNSAFE BUILDINGS",""
"268","5110511","13","PENTON STREET","Staten Island","-82/89","1989-12-05","Active","",NA,"UNSAFE BUILDINGS",""
"269","5110511","19","PENTON STREET","Staten Island","-85/89","1989-12-05","Active","",NA,"UNSAFE BUILDINGS",""
"270","5110573","8","KING JAMES CT","Staten Island","-51/91","1991-06-27","Active","",NA,"UNSAFE BUILDINGS",""
"271","5113117","65","OSGOOD AVENUE","Staten Island","-65/90","1990-08-27","Active","",NA,"UNSAFE BUILDINGS",""
"272","5113332","3537","AMBOY ROAD","Staten Island","2-22/90","1990-04-05","Active","",NA,"UNSAFE BUILDINGS",""
"273","5122850","27","CHESTNUT AVENUE","Staten Island","34/92","1992-10-17","Active","",NA,"UNSAFE BUILDINGS",""
"274","5126536","905","ROCKLAND AVENUE","Manhattan","-26/90","1990-04-19","Active","",NA,"UNSAFE BUILDINGS",""
"275","5134049","35","WIEDERER PLACE","Staten Island","55/92","1992-11-17","Active","",NA,"UNSAFE BUILDINGS",""
"276","5148302","154","JACKSON AVENUE","Staten Island","-75/90","1990-10-04","Active","",NA,"UNSAFE BUILDINGS",""
"277","5148557","514","BEDFORD AVENUE","Staten Island","29/91","1991-04-10","Active","",NA,"UNSAFE BUILDINGS",""
"278","5150642","5457","ARTHUR KILL ROAD","Staten Island","UB15/90","1992-11-23","Active","",NA,"UNSAFE BUILDINGS",""
"279","5150642","5457","ARTHUR KILL ROAD","Staten Island","-93/89","1989-12-27","Active","",NA,"UNSAFE BUILDINGS",""
"280","5805373","2","DELAFIELD AVENUE","Staten Island","-29/90","1990-05-03","Active","",NA,"UNSAFE BUILDINGS",""
"281","5811985","160","MASON AVENUE","Staten Island","36/89","1989-05-02","Active","",NA,"UNSAFE BUILDINGS",""
"282","5823374","6409","AMBOY ROAD","Staten Island","-9/89","1989-01-31","Active","",NA,"UNSAFE BUILDINGS",""
"283","5830144","20","LEDYARD PLACE","Staten Island","-67/89","1989-10-03","Active","",NA,"UNSAFE BUILDINGS",""
"284","5830178","122","HUGHES AVE","Staten Island","-69/89","1989-10-27","Active","",NA,"UNSAFE BUILDINGS",""
"285","5842394","261","HAMILTON AVENUE","Staten Island","-77/88","1988-11-18","Active","",NA,"UNSAFE BUILDINGS",""
